"","site","year","total","count_coi_gt_2","prop_coi_gt_2"
"1","Agago","2016",31,8,0.258064516129032
"2","Agago","2017",28,4,0.142857142857143
"3","Agago","2018",31,0,0
"4","Agago","2019",10,0,0
"5","Agago","2020",54,12,0.222222222222222
"6","Agago","2021",63,2,0.0317460317460317
"7","Agago","2022",80,3,0.0375
"8","Amolatar","2016",25,0,0
"9","Amolatar","2017",37,2,0.0540540540540541
"10","Amolatar","2018",11,0,0
"11","Amolatar","2019",9,0,0
"12","Amolatar","2020",53,0,0
"13","Amolatar","2021",58,10,0.172413793103448
"14","Amolatar","2022",15,0,0
"15","Arua","2016",28,5,0.178571428571429
"16","Arua","2017",37,11,0.297297297297297
"17","Arua","2018",22,0,0
"18","Arua","2019",13,0,0
"19","Arua","2020",51,4,0.0784313725490196
"20","Arua","2021",74,5,0.0675675675675676
"21","Arua","2022",81,13,0.160493827160494
"22","Hoima","2018",43,0,0
"23","Hoima","2019",34,0,0
"24","Hoima","2020",83,3,0.036144578313253
"25","Hoima","2021",92,3,0.0326086956521739
"26","Hoima","2022",68,14,0.205882352941176
"27","Jinja","2016",27,6,0.222222222222222
"28","Jinja","2017",34,16,0.470588235294118
"29","Jinja","2018",36,0,0
"30","Jinja","2019",48,0,0
"31","Jinja","2020",92,6,0.0652173913043478
"32","Jinja","2021",95,1,0.0105263157894737
"33","Jinja","2022",166,4,0.0240963855421687
"34","Kaabong","2018",29,0,0
"35","Kaabong","2019",11,0,0
"36","Kaabong","2020",44,10,0.227272727272727
"37","Kaabong","2021",66,1,0.0151515151515152
"38","Kaabong","2022",81,9,0.111111111111111
"39","Kabale","2016",41,4,0.0975609756097561
"40","Kabale","2019",12,0,0
"41","Kabale","2020",34,0,0
"42","Kabale","2021",85,0,0
"43","Kabale","2022",65,3,0.0461538461538462
"44","Kanungu","2016",37,0,0
"45","Kanungu","2017",46,7,0.152173913043478
"46","Kanungu","2018",39,0,0
"47","Kanungu","2019",23,0,0
"48","Kanungu","2020",81,1,0.0123456790123457
"49","Kanungu","2021",62,1,0.0161290322580645
"50","Kanungu","2022",75,8,0.106666666666667
"51","Kapchorwa","2019",14,0,0
"52","Kapchorwa","2021",85,0,0
"53","Kapchorwa","2022",32,0,0
"54","Kasese","2018",21,0,0
"55","Kasese","2019",21,0,0
"56","Kasese","2020",74,3,0.0405405405405405
"57","Kasese","2021",82,1,0.0121951219512195
"58","Kasese","2022",111,20,0.18018018018018
"59","Katakwi","2018",40,0,0
"60","Katakwi","2019",22,0,0
"61","Katakwi","2020",54,6,0.111111111111111
"62","Katakwi","2021",64,0,0
"63","Katakwi","2022",85,6,0.0705882352941176
"64","Koboko","2018",24,0,0
"65","Koboko","2019",4,0,0
"66","Koboko","2020",45,11,0.244444444444444
"67","Koboko","2021",49,3,0.0612244897959184
"68","Koboko","2022",53,5,0.0943396226415094
"69","Kole","2016",22,8,0.363636363636364
"70","Kole","2017",29,10,0.344827586206897
"71","Kole","2018",30,0,0
"72","Kole","2019",22,0,0
"73","Kole","2020",65,14,0.215384615384615
"74","Kole","2021",62,3,0.0483870967741935
"75","Kole","2022",124,3,0.0241935483870968
"76","Lamwo","2016",32,3,0.09375
"77","Lamwo","2017",29,10,0.344827586206897
"78","Lamwo","2018",31,0,0
"79","Lamwo","2019",20,0,0
"80","Lamwo","2020",62,7,0.112903225806452
"81","Lamwo","2021",61,1,0.0163934426229508
"82","Lamwo","2022",58,6,0.103448275862069
"83","Mubende","2016",26,1,0.0384615384615385
"84","Mubende","2017",39,12,0.307692307692308
"85","Mubende","2018",35,0,0
"86","Mubende","2019",23,0,0
"87","Mubende","2020",32,0,0
"88","Mubende","2021",21,1,0.0476190476190476
"89","Mubende","2022",100,2,0.02
"90","Tororo","2016",33,4,0.121212121212121
"91","Tororo","2017",37,10,0.27027027027027
"92","Tororo","2018",32,0,0
"93","Tororo","2019",26,0,0
"94","Tororo","2020",33,2,0.0606060606060606
"95","Tororo","2021",77,3,0.038961038961039
"96","Tororo","2022",64,2,0.03125
