,site,year,gene,aa_change,prevalence
1,Agago,2016-17,dhfr-ts,Asn51Ile,100
2,Agago,2018-19,dhfr-ts,Asn51Ile,100
3,Agago,2020,dhfr-ts,Asn51Ile,100
4,Agago,2021,dhfr-ts,Asn51Ile,100
5,Agago,2022,dhfr-ts,Asn51Ile,97.5308642
6,Agago,2016-17,dhfr-ts,Cys59Arg,93.10344828
7,Agago,2018-19,dhfr-ts,Cys59Arg,97.36842105
8,Agago,2020,dhfr-ts,Cys59Arg,94.44444444
9,Agago,2021,dhfr-ts,Cys59Arg,96.2962963
10,Agago,2022,dhfr-ts,Cys59Arg,93.82716049
11,Agago,2016-17,dhfr-ts,Ile164Leu,6
12,Agago,2018-19,dhfr-ts,Ile164Leu,2.631578947
13,Agago,2020,dhfr-ts,Ile164Leu,5.882352941
14,Agago,2021,dhfr-ts,Ile164Leu,0
15,Agago,2022,dhfr-ts,Ile164Leu,5.633802817
16,Agago,2016-17,dhfr-ts,Ser108Asn,100
17,Agago,2018-19,dhfr-ts,Ser108Asn,100
18,Agago,2020,dhfr-ts,Ser108Asn,100
19,Agago,2021,dhfr-ts,Ser108Asn,100
20,Agago,2022,dhfr-ts,Ser108Asn,97.2972973
21,Agago,2016-17,dhps,Ala437Gly,92
22,Agago,2018-19,dhps,Ala437Gly,97.22222222
23,Agago,2020,dhps,Ala437Gly,94.44444444
24,Agago,2021,dhps,Ala437Gly,96.22641509
25,Agago,2022,dhps,Ala437Gly,93.33333333
26,Agago,2016-17,dhps,Ala581Gly,6.779661017
27,Agago,2018-19,dhps,Ala581Gly,2.564102564
28,Agago,2020,dhps,Ala581Gly,0
29,Agago,2021,dhps,Ala581Gly,0
30,Agago,2022,dhps,Ala581Gly,3.846153846
31,Agago,2016-17,dhps,Lys540Glu,96.42857143
32,Agago,2018-19,dhps,Lys540Glu,97.22222222
33,Agago,2020,dhps,Lys540Glu,92.59259259
34,Agago,2021,dhps,Lys540Glu,98.24561404
35,Agago,2022,dhps,Lys540Glu,93.67088608
36,Agago,2016-17,dhps,Ser436Ala,2.173913043
37,Agago,2018-19,dhps,Ser436Ala,0
38,Agago,2020,dhps,Ser436Ala,0
39,Agago,2021,dhps,Ser436Ala,0
40,Agago,2022,dhps,Ser436Ala,0
41,Amolatar,2016-17,dhfr-ts,Asn51Ile,100
42,Amolatar,2018-19,dhfr-ts,Asn51Ile,100
43,Amolatar,2020,dhfr-ts,Asn51Ile,100
44,Amolatar,2021,dhfr-ts,Asn51Ile,100
45,Amolatar,2022,dhfr-ts,Asn51Ile,100
46,Amolatar,2016-17,dhfr-ts,Cys59Arg,100
47,Amolatar,2018-19,dhfr-ts,Cys59Arg,100
48,Amolatar,2020,dhfr-ts,Cys59Arg,100
49,Amolatar,2021,dhfr-ts,Cys59Arg,98.11320755
50,Amolatar,2022,dhfr-ts,Cys59Arg,100
51,Amolatar,2016-17,dhfr-ts,Ile164Leu,11.76470588
52,Amolatar,2018-19,dhfr-ts,Ile164Leu,23.52941176
53,Amolatar,2020,dhfr-ts,Ile164Leu,8.695652174
54,Amolatar,2021,dhfr-ts,Ile164Leu,8.571428571
55,Amolatar,2022,dhfr-ts,Ile164Leu,100
56,Amolatar,2016-17,dhfr-ts,Ser108Asn,100
57,Amolatar,2018-19,dhfr-ts,Ser108Asn,100
58,Amolatar,2020,dhfr-ts,Ser108Asn,100
59,Amolatar,2021,dhfr-ts,Ser108Asn,100
60,Amolatar,2022,dhfr-ts,Ser108Asn,100
61,Amolatar,2016-17,dhps,Ala437Gly,98.07692308
62,Amolatar,2018-19,dhps,Ala437Gly,100
63,Amolatar,2020,dhps,Ala437Gly,100
64,Amolatar,2021,dhps,Ala437Gly,100
65,Amolatar,2022,dhps,Ala437Gly,100
66,Amolatar,2016-17,dhps,Ala581Gly,8.333333333
67,Amolatar,2018-19,dhps,Ala581Gly,0
68,Amolatar,2020,dhps,Ala581Gly,0
69,Amolatar,2021,dhps,Ala581Gly,0
70,Amolatar,2022,dhps,Ala581Gly,0
71,Amolatar,2016-17,dhps,Lys540Glu,98.21428571
72,Amolatar,2018-19,dhps,Lys540Glu,100
73,Amolatar,2020,dhps,Lys540Glu,100
74,Amolatar,2021,dhps,Lys540Glu,100
75,Amolatar,2022,dhps,Lys540Glu,100
76,Amolatar,2016-17,dhps,Ser436His,0
77,Amolatar,2018-19,dhps,Ser436His,0
78,Amolatar,2020,dhps,Ser436His,4.545454545
79,Amolatar,2021,dhps,Ser436His,0
80,Amolatar,2022,dhps,Ser436His,0
81,Arua,2016-17,dhfr-ts,Asn51Ile,100
82,Arua,2018-19,dhfr-ts,Asn51Ile,100
83,Arua,2020,dhfr-ts,Asn51Ile,100
84,Arua,2021,dhfr-ts,Asn51Ile,100
85,Arua,2022,dhfr-ts,Asn51Ile,100
86,Arua,2016-17,dhfr-ts,Cys59Arg,91.93548387
87,Arua,2018-19,dhfr-ts,Cys59Arg,90.90909091
88,Arua,2020,dhfr-ts,Cys59Arg,86
89,Arua,2021,dhfr-ts,Cys59Arg,92.85714286
90,Arua,2022,dhfr-ts,Cys59Arg,92.40506329
91,Arua,2016-17,dhfr-ts,Ile164Leu,10
92,Arua,2018-19,dhfr-ts,Ile164Leu,2.941176471
93,Arua,2020,dhfr-ts,Ile164Leu,6.12244898
94,Arua,2021,dhfr-ts,Ile164Leu,6.779661017
95,Arua,2022,dhfr-ts,Ile164Leu,20.28985507
96,Arua,2016-17,dhfr-ts,Ser108Asn,100
97,Arua,2018-19,dhfr-ts,Ser108Asn,100
98,Arua,2020,dhfr-ts,Ser108Asn,100
99,Arua,2021,dhfr-ts,Ser108Asn,100
100,Arua,2022,dhfr-ts,Ser108Asn,100
101,Arua,2016-17,dhps,Ala437Gly,98.38709677
102,Arua,2018-19,dhps,Ala437Gly,96.55172414
103,Arua,2020,dhps,Ala437Gly,100
104,Arua,2021,dhps,Ala437Gly,97.10144928
105,Arua,2022,dhps,Ala437Gly,98.68421053
106,Arua,2016-17,dhps,Ala581Gly,15.38461538
107,Arua,2018-19,dhps,Ala581Gly,9.090909091
108,Arua,2020,dhps,Ala581Gly,14
109,Arua,2021,dhps,Ala581Gly,20.27027027
110,Arua,2022,dhps,Ala581Gly,14.81481481
111,Arua,2016-17,dhps,Lys540Glu,98.46153846
112,Arua,2018-19,dhps,Lys540Glu,93.5483871
113,Arua,2020,dhps,Lys540Glu,100
114,Arua,2021,dhps,Lys540Glu,97.26027397
115,Arua,2022,dhps,Lys540Glu,97.43589744
116,Arua,2016-17,dhps,Ser436Ala,8.196721311
117,Arua,2018-19,dhps,Ser436Ala,10.34482759
118,Arua,2020,dhps,Ser436Ala,6.12244898
119,Arua,2021,dhps,Ser436Ala,5.797101449
120,Arua,2022,dhps,Ser436Ala,0
121,Arua,2016-17,dhps,Ser436His,3.703703704
122,Arua,2018-19,dhps,Ser436His,0
123,Arua,2020,dhps,Ser436His,0
124,Arua,2021,dhps,Ser436His,0
125,Arua,2022,dhps,Ser436His,0
126,Hoima,2016-17,dhfr-ts,Asn51Ile,0
127,Hoima,2018-19,dhfr-ts,Asn51Ile,100
128,Hoima,2020,dhfr-ts,Asn51Ile,100
129,Hoima,2021,dhfr-ts,Asn51Ile,100
130,Hoima,2022,dhfr-ts,Asn51Ile,100
131,Hoima,2016-17,dhfr-ts,Cys59Arg,0
132,Hoima,2018-19,dhfr-ts,Cys59Arg,96
133,Hoima,2020,dhfr-ts,Cys59Arg,91.56626506
134,Hoima,2021,dhfr-ts,Cys59Arg,100
135,Hoima,2022,dhfr-ts,Cys59Arg,100
136,Hoima,2016-17,dhfr-ts,Ile164Leu,0
137,Hoima,2018-19,dhfr-ts,Ile164Leu,21.42857143
138,Hoima,2020,dhfr-ts,Ile164Leu,21.25
139,Hoima,2021,dhfr-ts,Ile164Leu,9.433962264
140,Hoima,2022,dhfr-ts,Ile164Leu,20
141,Hoima,2016-17,dhfr-ts,Ser108Asn,0
142,Hoima,2018-19,dhfr-ts,Ser108Asn,100
143,Hoima,2020,dhfr-ts,Ser108Asn,100
144,Hoima,2021,dhfr-ts,Ser108Asn,100
145,Hoima,2022,dhfr-ts,Ser108Asn,100
146,Hoima,2016-17,dhps,Ala437Gly,0
147,Hoima,2018-19,dhps,Ala437Gly,100
148,Hoima,2020,dhps,Ala437Gly,100
149,Hoima,2021,dhps,Ala437Gly,95.12195122
150,Hoima,2022,dhps,Ala437Gly,100
151,Hoima,2016-17,dhps,Ala581Gly,0
152,Hoima,2018-19,dhps,Ala581Gly,14.47368421
153,Hoima,2020,dhps,Ala581Gly,9.87654321
154,Hoima,2021,dhps,Ala581Gly,21.73913043
155,Hoima,2022,dhps,Ala581Gly,0
156,Hoima,2016-17,dhps,Lys540Glu,0
157,Hoima,2018-19,dhps,Lys540Glu,100
158,Hoima,2020,dhps,Lys540Glu,100
159,Hoima,2021,dhps,Lys540Glu,95.50561798
160,Hoima,2022,dhps,Lys540Glu,100
161,Hoima,2016-17,dhps,Ser436Ala,0
162,Hoima,2018-19,dhps,Ser436Ala,2.777777778
163,Hoima,2020,dhps,Ser436Ala,0
164,Hoima,2021,dhps,Ser436Ala,0
165,Hoima,2022,dhps,Ser436Ala,0
166,Jinja,2016-17,dhfr-ts,Asn51Ile,100
167,Jinja,2018-19,dhfr-ts,Asn51Ile,100
168,Jinja,2020,dhfr-ts,Asn51Ile,100
169,Jinja,2021,dhfr-ts,Asn51Ile,100
170,Jinja,2022,dhfr-ts,Asn51Ile,100
171,Jinja,2016-17,dhfr-ts,Cys59Arg,98.21428571
172,Jinja,2018-19,dhfr-ts,Cys59Arg,98.7804878
173,Jinja,2020,dhfr-ts,Cys59Arg,100
174,Jinja,2021,dhfr-ts,Cys59Arg,100
175,Jinja,2022,dhfr-ts,Cys59Arg,100
176,Jinja,2016-17,dhfr-ts,Ile164Leu,27.90697674
177,Jinja,2018-19,dhfr-ts,Ile164Leu,25.6097561
178,Jinja,2020,dhfr-ts,Ile164Leu,55.55555556
179,Jinja,2021,dhfr-ts,Ile164Leu,1.25
180,Jinja,2022,dhfr-ts,Ile164Leu,84.02777778
181,Jinja,2016-17,dhfr-ts,Ser108Asn,100
182,Jinja,2018-19,dhfr-ts,Ser108Asn,100
183,Jinja,2020,dhfr-ts,Ser108Asn,100
184,Jinja,2021,dhfr-ts,Ser108Asn,100
185,Jinja,2022,dhfr-ts,Ser108Asn,100
186,Jinja,2016-17,dhps,Ala437Gly,100
187,Jinja,2018-19,dhps,Ala437Gly,100
188,Jinja,2020,dhps,Ala437Gly,100
189,Jinja,2021,dhps,Ala437Gly,100
190,Jinja,2022,dhps,Ala437Gly,100
191,Jinja,2016-17,dhps,Ala581Gly,4.918032787
192,Jinja,2018-19,dhps,Ala581Gly,2.43902439
193,Jinja,2020,dhps,Ala581Gly,17.0212766
194,Jinja,2021,dhps,Ala581Gly,1.052631579
195,Jinja,2022,dhps,Ala581Gly,0
196,Jinja,2016-17,dhps,Lys540Glu,100
197,Jinja,2018-19,dhps,Lys540Glu,100
198,Jinja,2020,dhps,Lys540Glu,100
199,Jinja,2021,dhps,Lys540Glu,100
200,Jinja,2022,dhps,Lys540Glu,100
201,Jinja,2016-17,dhps,Ser436His,7.692307692
202,Jinja,2018-19,dhps,Ser436His,0
203,Jinja,2020,dhps,Ser436His,1.176470588
204,Jinja,2021,dhps,Ser436His,0
205,Jinja,2022,dhps,Ser436His,0
206,Jinja,2016-17,dhps,Ser436Ala,0
207,Jinja,2018-19,dhps,Ser436Ala,4.054054054
208,Jinja,2020,dhps,Ser436Ala,0
209,Jinja,2021,dhps,Ser436Ala,0
210,Jinja,2022,dhps,Ser436Ala,0
211,Kapchorwa,2016-17,dhfr-ts,Asn51Ile,0
212,Kapchorwa,2018-19,dhfr-ts,Asn51Ile,100
213,Kapchorwa,2020,dhfr-ts,Asn51Ile,0
214,Kapchorwa,2021,dhfr-ts,Asn51Ile,100
215,Kapchorwa,2022,dhfr-ts,Asn51Ile,100
216,Kapchorwa,2016-17,dhfr-ts,Cys59Arg,0
217,Kapchorwa,2018-19,dhfr-ts,Cys59Arg,100
218,Kapchorwa,2020,dhfr-ts,Cys59Arg,0
219,Kapchorwa,2021,dhfr-ts,Cys59Arg,97.33333333
220,Kapchorwa,2022,dhfr-ts,Cys59Arg,37.93103448
221,Kapchorwa,2016-17,dhfr-ts,Ser108Asn,0
222,Kapchorwa,2018-19,dhfr-ts,Ser108Asn,100
223,Kapchorwa,2020,dhfr-ts,Ser108Asn,0
224,Kapchorwa,2021,dhfr-ts,Ser108Asn,100
225,Kapchorwa,2022,dhfr-ts,Ser108Asn,100
226,Kapchorwa,2016-17,dhps,Ala437Gly,0
227,Kapchorwa,2018-19,dhps,Ala437Gly,100
228,Kapchorwa,2020,dhps,Ala437Gly,0
229,Kapchorwa,2021,dhps,Ala437Gly,100
230,Kapchorwa,2022,dhps,Ala437Gly,95.83333333
231,Kapchorwa,2016-17,dhps,Lys540Glu,0
232,Kapchorwa,2018-19,dhps,Lys540Glu,100
233,Kapchorwa,2020,dhps,Lys540Glu,0
234,Kapchorwa,2021,dhps,Lys540Glu,98.79518072
235,Kapchorwa,2022,dhps,Lys540Glu,96.66666667
236,Kapchorwa,2016-17,dhps,Ser436Ala,0
237,Kapchorwa,2018-19,dhps,Ser436Ala,0
238,Kapchorwa,2020,dhps,Ser436Ala,0
239,Kapchorwa,2021,dhps,Ser436Ala,1.265822785
240,Kapchorwa,2022,dhps,Ser436Ala,0
241,Kabale,2016-17,dhfr-ts,Asn51Ile,100
242,Kabale,2018-19,dhfr-ts,Asn51Ile,100
243,Kabale,2020,dhfr-ts,Asn51Ile,100
244,Kabale,2021,dhfr-ts,Asn51Ile,100
245,Kabale,2022,dhfr-ts,Asn51Ile,100
246,Kabale,2016-17,dhfr-ts,Cys59Arg,95
247,Kabale,2018-19,dhfr-ts,Cys59Arg,100
248,Kabale,2020,dhfr-ts,Cys59Arg,90.32258065
249,Kabale,2021,dhfr-ts,Cys59Arg,96.47058824
250,Kabale,2022,dhfr-ts,Cys59Arg,96.82539683
251,Kabale,2016-17,dhfr-ts,Ile164Leu,21.62162162
252,Kabale,2018-19,dhfr-ts,Ile164Leu,33.33333333
253,Kabale,2020,dhfr-ts,Ile164Leu,35.71428571
254,Kabale,2021,dhfr-ts,Ile164Leu,61.11111111
255,Kabale,2022,dhfr-ts,Ile164Leu,75.92592593
256,Kabale,2016-17,dhfr-ts,Ser108Asn,100
257,Kabale,2018-19,dhfr-ts,Ser108Asn,100
258,Kabale,2020,dhfr-ts,Ser108Asn,100
259,Kabale,2021,dhfr-ts,Ser108Asn,100
260,Kabale,2022,dhfr-ts,Ser108Asn,100
261,Kabale,2016-17,dhps,Ala437Gly,100
262,Kabale,2018-19,dhps,Ala437Gly,100
263,Kabale,2020,dhps,Ala437Gly,93.10344828
264,Kabale,2021,dhps,Ala437Gly,100
265,Kabale,2022,dhps,Ala437Gly,100
266,Kabale,2016-17,dhps,Ala581Gly,73.17073171
267,Kabale,2018-19,dhps,Ala581Gly,40
268,Kabale,2020,dhps,Ala581Gly,42.42424242
269,Kabale,2021,dhps,Ala581Gly,82.35294118
270,Kabale,2022,dhps,Ala581Gly,80
271,Kabale,2016-17,dhps,Lys540Glu,100
272,Kabale,2018-19,dhps,Lys540Glu,85.71428571
273,Kabale,2020,dhps,Lys540Glu,90.625
274,Kabale,2021,dhps,Lys540Glu,97.6744186
275,Kabale,2022,dhps,Lys540Glu,100
276,Kabale,2016-17,dhps,Glu108Lys,0
277,Kabale,2018-19,dhps,Glu108Lys,0
278,Kabale,2020,dhps,Glu108Lys,0
279,Kabale,2021,dhps,Glu108Lys,2.469135802
280,Kabale,2022,dhps,Glu108Lys,0
281,Kaabong,2016-17,dhfr-ts,Asn51Ile,0
282,Kaabong,2018-19,dhfr-ts,Asn51Ile,100
283,Kaabong,2020,dhfr-ts,Asn51Ile,97.61904762
284,Kaabong,2021,dhfr-ts,Asn51Ile,96.72131148
285,Kaabong,2022,dhfr-ts,Asn51Ile,100
286,Kaabong,2016-17,dhfr-ts,Cys59Arg,0
287,Kaabong,2018-19,dhfr-ts,Cys59Arg,89.74358974
288,Kaabong,2020,dhfr-ts,Cys59Arg,92.85714286
289,Kaabong,2021,dhfr-ts,Cys59Arg,90.16393443
290,Kaabong,2022,dhfr-ts,Cys59Arg,96.38554217
291,Kaabong,2016-17,dhfr-ts,Ser108Asn,0
292,Kaabong,2018-19,dhfr-ts,Ser108Asn,100
293,Kaabong,2020,dhfr-ts,Ser108Asn,97.36842105
294,Kaabong,2021,dhfr-ts,Ser108Asn,98
295,Kaabong,2022,dhfr-ts,Ser108Asn,98.64864865
296,Kaabong,2016-17,dhps,Ala437Gly,0
297,Kaabong,2018-19,dhps,Ala437Gly,88.88888889
298,Kaabong,2020,dhps,Ala437Gly,95
299,Kaabong,2021,dhps,Ala437Gly,89.65517241
300,Kaabong,2022,dhps,Ala437Gly,91.42857143
301,Kaabong,2016-17,dhps,Lys540Glu,0
302,Kaabong,2018-19,dhps,Lys540Glu,89.18918919
303,Kaabong,2020,dhps,Lys540Glu,93.02325581
304,Kaabong,2021,dhps,Lys540Glu,88.88888889
305,Kaabong,2022,dhps,Lys540Glu,92.20779221
306,Kaabong,2016-17,dhps,Ser436Ala,0
307,Kaabong,2018-19,dhps,Ser436Ala,3.125
308,Kaabong,2020,dhps,Ser436Ala,5.263157895
309,Kaabong,2021,dhps,Ser436Ala,3.846153846
310,Kaabong,2022,dhps,Ser436Ala,0
311,Kaabong,2016-17,dhfr-ts,Ile164Leu,0
312,Kaabong,2018-19,dhfr-ts,Ile164Leu,0
313,Kaabong,2020,dhfr-ts,Ile164Leu,0
314,Kaabong,2021,dhfr-ts,Ile164Leu,2.173913043
315,Kaabong,2022,dhfr-ts,Ile164Leu,2.857142857
316,Kaabong,2016-17,dhps,Ala581Gly,0
317,Kaabong,2018-19,dhps,Ala581Gly,0
318,Kaabong,2020,dhps,Ala581Gly,0
319,Kaabong,2021,dhps,Ala581Gly,7.575757576
320,Kaabong,2022,dhps,Ala581Gly,0
321,Koboko,2016-17,dhfr-ts,Asn51Ile,0
322,Koboko,2018-19,dhfr-ts,Asn51Ile,100
323,Koboko,2020,dhfr-ts,Asn51Ile,100
324,Koboko,2021,dhfr-ts,Asn51Ile,100
325,Koboko,2022,dhfr-ts,Asn51Ile,100
326,Koboko,2016-17,dhfr-ts,Cys59Arg,0
327,Koboko,2018-19,dhfr-ts,Cys59Arg,85.18518519
328,Koboko,2020,dhfr-ts,Cys59Arg,92.68292683
329,Koboko,2021,dhfr-ts,Cys59Arg,83.72093023
330,Koboko,2022,dhfr-ts,Cys59Arg,94.54545455
331,Koboko,2016-17,dhfr-ts,Ser108Asn,0
332,Koboko,2018-19,dhfr-ts,Ser108Asn,100
333,Koboko,2020,dhfr-ts,Ser108Asn,100
334,Koboko,2021,dhfr-ts,Ser108Asn,100
335,Koboko,2022,dhfr-ts,Ser108Asn,100
336,Koboko,2016-17,dhps,Ala437Gly,0
337,Koboko,2018-19,dhps,Ala437Gly,100
338,Koboko,2020,dhps,Ala437Gly,100
339,Koboko,2021,dhps,Ala437Gly,100
340,Koboko,2022,dhps,Ala437Gly,95.65217391
341,Koboko,2016-17,dhps,Ala581Gly,0
342,Koboko,2018-19,dhps,Ala581Gly,15.38461538
343,Koboko,2020,dhps,Ala581Gly,13.95348837
344,Koboko,2021,dhps,Ala581Gly,10.20408163
345,Koboko,2022,dhps,Ala581Gly,3.846153846
346,Koboko,2016-17,dhps,Lys540Glu,0
347,Koboko,2018-19,dhps,Lys540Glu,100
348,Koboko,2020,dhps,Lys540Glu,95.23809524
349,Koboko,2021,dhps,Lys540Glu,97.91666667
350,Koboko,2022,dhps,Lys540Glu,96
351,Koboko,2016-17,dhps,Ser436Ala,0
352,Koboko,2018-19,dhps,Ser436Ala,4.166666667
353,Koboko,2020,dhps,Ser436Ala,11.76470588
354,Koboko,2021,dhps,Ser436Ala,5.263157895
355,Koboko,2022,dhps,Ser436Ala,4.444444444
356,Kanungu,2016-17,dhfr-ts,Asn51Ile,98.71794872
357,Kanungu,2018-19,dhfr-ts,Asn51Ile,100
358,Kanungu,2020,dhfr-ts,Asn51Ile,100
359,Kanungu,2021,dhfr-ts,Asn51Ile,100
360,Kanungu,2022,dhfr-ts,Asn51Ile,100
361,Kanungu,2016-17,dhfr-ts,Cys59Arg,98.71794872
362,Kanungu,2018-19,dhfr-ts,Cys59Arg,98.11320755
363,Kanungu,2020,dhfr-ts,Cys59Arg,93.82716049
364,Kanungu,2021,dhfr-ts,Cys59Arg,97.91666667
365,Kanungu,2022,dhfr-ts,Cys59Arg,98.5915493
366,Kanungu,2016-17,dhfr-ts,Ile164Leu,30.3030303
367,Kanungu,2018-19,dhfr-ts,Ile164Leu,43.85964912
368,Kanungu,2020,dhfr-ts,Ile164Leu,48.71794872
369,Kanungu,2021,dhfr-ts,Ile164Leu,41.17647059
370,Kanungu,2022,dhfr-ts,Ile164Leu,64.1509434
371,Kanungu,2016-17,dhfr-ts,Ser108Asn,100
372,Kanungu,2018-19,dhfr-ts,Ser108Asn,100
373,Kanungu,2020,dhfr-ts,Ser108Asn,100
374,Kanungu,2021,dhfr-ts,Ser108Asn,100
375,Kanungu,2022,dhfr-ts,Ser108Asn,100
376,Kanungu,2016-17,dhps,Ala437Gly,100
377,Kanungu,2018-19,dhps,Ala437Gly,98.11320755
378,Kanungu,2020,dhps,Ala437Gly,100
379,Kanungu,2021,dhps,Ala437Gly,100
380,Kanungu,2022,dhps,Ala437Gly,86.36363636
381,Kanungu,2016-17,dhps,Ala581Gly,56.62650602
382,Kanungu,2018-19,dhps,Ala581Gly,43.33333333
383,Kanungu,2020,dhps,Ala581Gly,38.27160494
384,Kanungu,2021,dhps,Ala581Gly,46.77419355
385,Kanungu,2022,dhps,Ala581Gly,36
386,Kanungu,2016-17,dhps,Lys540Glu,100
387,Kanungu,2018-19,dhps,Lys540Glu,92.30769231
388,Kanungu,2020,dhps,Lys540Glu,100
389,Kanungu,2021,dhps,Lys540Glu,100
390,Kanungu,2022,dhps,Lys540Glu,86.11111111
391,Kole,2016-17,dhfr-ts,Asn51Ile,100
392,Kole,2018-19,dhfr-ts,Asn51Ile,100
393,Kole,2020,dhfr-ts,Asn51Ile,100
394,Kole,2021,dhfr-ts,Asn51Ile,100
395,Kole,2022,dhfr-ts,Asn51Ile,100
396,Kole,2016-17,dhfr-ts,Cys59Arg,95.83333333
397,Kole,2018-19,dhfr-ts,Cys59Arg,93.75
398,Kole,2020,dhfr-ts,Cys59Arg,96.82539683
399,Kole,2021,dhfr-ts,Cys59Arg,98.18181818
400,Kole,2022,dhfr-ts,Cys59Arg,97.54098361
401,Kole,2016-17,dhfr-ts,Ile164Leu,19.51219512
402,Kole,2018-19,dhfr-ts,Ile164Leu,8.333333333
403,Kole,2020,dhfr-ts,Ile164Leu,10.34482759
404,Kole,2021,dhfr-ts,Ile164Leu,2.380952381
405,Kole,2022,dhfr-ts,Ile164Leu,22.01834862
406,Kole,2016-17,dhfr-ts,Ser108Asn,100
407,Kole,2018-19,dhfr-ts,Ser108Asn,100
408,Kole,2020,dhfr-ts,Ser108Asn,100
409,Kole,2021,dhfr-ts,Ser108Asn,100
410,Kole,2022,dhfr-ts,Ser108Asn,100
411,Kole,2016-17,dhps,Ala437Gly,100
412,Kole,2018-19,dhps,Ala437Gly,97.5
413,Kole,2020,dhps,Ala437Gly,96.66666667
414,Kole,2021,dhps,Ala437Gly,100
415,Kole,2022,dhps,Ala437Gly,100
416,Kole,2016-17,dhps,Ala581Gly,3.921568627
417,Kole,2018-19,dhps,Ala581Gly,2.040816327
418,Kole,2020,dhps,Ala581Gly,1.538461538
419,Kole,2021,dhps,Ala581Gly,1.612903226
420,Kole,2022,dhps,Ala581Gly,3.333333333
421,Kole,2016-17,dhps,Lys540Glu,100
422,Kole,2018-19,dhps,Lys540Glu,97.43589744
423,Kole,2020,dhps,Lys540Glu,98.36065574
424,Kole,2021,dhps,Lys540Glu,98.30508475
425,Kole,2022,dhps,Lys540Glu,99.14529915
426,Kole,2016-17,dhps,Ser436Cys,5.263157895
427,Kole,2018-19,dhps,Ser436Cys,0
428,Kole,2020,dhps,Ser436Cys,0
429,Kole,2021,dhps,Ser436Cys,0
430,Kole,2022,dhps,Ser436Cys,0
431,Kole,2016-17,dhps,Ser436Ala,0
432,Kole,2018-19,dhps,Ser436Ala,2.5
433,Kole,2020,dhps,Ser436Ala,3.448275862
434,Kole,2021,dhps,Ser436Ala,0
435,Kole,2022,dhps,Ser436Ala,0
436,Kole,2016-17,dhps,Ser436His,0
437,Kole,2018-19,dhps,Ser436His,0
438,Kole,2020,dhps,Ser436His,1.724137931
439,Kole,2021,dhps,Ser436His,0
440,Kole,2022,dhps,Ser436His,0
441,Kasese,2016-17,dhfr-ts,Asn51Ile,0
442,Kasese,2018-19,dhfr-ts,Asn51Ile,100
443,Kasese,2020,dhfr-ts,Asn51Ile,100
444,Kasese,2021,dhfr-ts,Asn51Ile,100
445,Kasese,2022,dhfr-ts,Asn51Ile,100
446,Kasese,2016-17,dhfr-ts,Cys59Arg,0
447,Kasese,2018-19,dhfr-ts,Cys59Arg,94.87179487
448,Kasese,2020,dhfr-ts,Cys59Arg,91.89189189
449,Kasese,2021,dhfr-ts,Cys59Arg,98.68421053
450,Kasese,2022,dhfr-ts,Cys59Arg,95.4954955
451,Kasese,2016-17,dhfr-ts,Ile164Leu,0
452,Kasese,2018-19,dhfr-ts,Ile164Leu,48.71794872
453,Kasese,2020,dhfr-ts,Ile164Leu,49.29577465
454,Kasese,2021,dhfr-ts,Ile164Leu,51.66666667
455,Kasese,2022,dhfr-ts,Ile164Leu,29.59183673
456,Kasese,2016-17,dhfr-ts,Ser108Asn,0
457,Kasese,2018-19,dhfr-ts,Ser108Asn,100
458,Kasese,2020,dhfr-ts,Ser108Asn,100
459,Kasese,2021,dhfr-ts,Ser108Asn,100
460,Kasese,2022,dhfr-ts,Ser108Asn,100
461,Kasese,2016-17,dhps,Ala437Gly,0
462,Kasese,2018-19,dhps,Ala437Gly,100
463,Kasese,2020,dhps,Ala437Gly,98.64864865
464,Kasese,2021,dhps,Ala437Gly,100
465,Kasese,2022,dhps,Ala437Gly,96.19047619
466,Kasese,2016-17,dhps,Ala581Gly,0
467,Kasese,2018-19,dhps,Ala581Gly,56.09756098
468,Kasese,2020,dhps,Ala581Gly,49.31506849
469,Kasese,2021,dhps,Ala581Gly,42.68292683
470,Kasese,2022,dhps,Ala581Gly,36.03603604
471,Kasese,2016-17,dhps,Lys540Glu,0
472,Kasese,2018-19,dhps,Lys540Glu,97.05882353
473,Kasese,2020,dhps,Lys540Glu,94.52054795
474,Kasese,2021,dhps,Lys540Glu,100
475,Kasese,2022,dhps,Lys540Glu,98.18181818
476,Kasese,2016-17,dhps,Ser436Ala,0
477,Kasese,2018-19,dhps,Ser436Ala,0
478,Kasese,2020,dhps,Ser436Ala,0
479,Kasese,2021,dhps,Ser436Ala,0
480,Kasese,2022,dhps,Ser436Ala,0.970873786
481,Katakwi,2016-17,dhfr-ts,Asn51Ile,0
482,Katakwi,2018-19,dhfr-ts,Asn51Ile,100
483,Katakwi,2020,dhfr-ts,Asn51Ile,100
484,Katakwi,2021,dhfr-ts,Asn51Ile,98.30508475
485,Katakwi,2022,dhfr-ts,Asn51Ile,98.7654321
486,Katakwi,2016-17,dhfr-ts,Cys59Arg,0
487,Katakwi,2018-19,dhfr-ts,Cys59Arg,98.33333333
488,Katakwi,2020,dhfr-ts,Cys59Arg,96.15384615
489,Katakwi,2021,dhfr-ts,Cys59Arg,98.30508475
490,Katakwi,2022,dhfr-ts,Cys59Arg,95.0617284
491,Katakwi,2016-17,dhfr-ts,Ile164Leu,0
492,Katakwi,2018-19,dhfr-ts,Ile164Leu,1.694915254
493,Katakwi,2020,dhfr-ts,Ile164Leu,0
494,Katakwi,2021,dhfr-ts,Ile164Leu,8.695652174
495,Katakwi,2022,dhfr-ts,Ile164Leu,6.060606061
496,Katakwi,2016-17,dhfr-ts,Ser108Asn,0
497,Katakwi,2018-19,dhfr-ts,Ser108Asn,100
498,Katakwi,2020,dhfr-ts,Ser108Asn,100
499,Katakwi,2021,dhfr-ts,Ser108Asn,98.14814815
500,Katakwi,2022,dhfr-ts,Ser108Asn,98.64864865
501,Katakwi,2016-17,dhps,Ala437Gly,0
502,Katakwi,2018-19,dhps,Ala437Gly,98.03921569
503,Katakwi,2020,dhps,Ala437Gly,89.79591837
504,Katakwi,2021,dhps,Ala437Gly,96.36363636
505,Katakwi,2022,dhps,Ala437Gly,93.42105263
506,Katakwi,2016-17,dhps,Lys540Glu,0
507,Katakwi,2018-19,dhps,Lys540Glu,98.11320755
508,Katakwi,2020,dhps,Lys540Glu,92.59259259
509,Katakwi,2021,dhps,Lys540Glu,95.16129032
510,Katakwi,2022,dhps,Lys540Glu,95.0617284
511,Katakwi,2016-17,dhps,Ser436Ala,0
512,Katakwi,2018-19,dhps,Ser436Ala,1.960784314
513,Katakwi,2020,dhps,Ser436Ala,0
514,Katakwi,2021,dhps,Ser436Ala,0
515,Katakwi,2022,dhps,Ser436Ala,0
516,Katakwi,2016-17,dhps,Ala581Gly,0
517,Katakwi,2018-19,dhps,Ala581Gly,0
518,Katakwi,2020,dhps,Ala581Gly,0
519,Katakwi,2021,dhps,Ala581Gly,1.5625
520,Katakwi,2022,dhps,Ala581Gly,0
521,Lamwo,2016-17,dhfr-ts,Asn51Ile,100
522,Lamwo,2018-19,dhfr-ts,Asn51Ile,100
523,Lamwo,2020,dhfr-ts,Asn51Ile,100
524,Lamwo,2021,dhfr-ts,Asn51Ile,96.49122807
525,Lamwo,2022,dhfr-ts,Asn51Ile,100
526,Lamwo,2016-17,dhfr-ts,Cys59Arg,90.90909091
527,Lamwo,2018-19,dhfr-ts,Cys59Arg,100
528,Lamwo,2020,dhfr-ts,Cys59Arg,93.5483871
529,Lamwo,2021,dhfr-ts,Cys59Arg,91.22807018
530,Lamwo,2022,dhfr-ts,Cys59Arg,94.73684211
531,Lamwo,2016-17,dhfr-ts,Ile164Leu,15.38461538
532,Lamwo,2018-19,dhfr-ts,Ile164Leu,4.255319149
533,Lamwo,2020,dhfr-ts,Ile164Leu,5.084745763
534,Lamwo,2021,dhfr-ts,Ile164Leu,8.695652174
535,Lamwo,2022,dhfr-ts,Ile164Leu,18.36734694
536,Lamwo,2016-17,dhfr-ts,Ser108Asn,100
537,Lamwo,2018-19,dhfr-ts,Ser108Asn,100
538,Lamwo,2020,dhfr-ts,Ser108Asn,100
539,Lamwo,2021,dhfr-ts,Ser108Asn,98.11320755
540,Lamwo,2022,dhfr-ts,Ser108Asn,100
541,Lamwo,2016-17,dhps,Ala437Gly,91.22807018
542,Lamwo,2018-19,dhps,Ala437Gly,97.72727273
543,Lamwo,2020,dhps,Ala437Gly,98.33333333
544,Lamwo,2021,dhps,Ala437Gly,87.71929825
545,Lamwo,2022,dhps,Ala437Gly,96
546,Lamwo,2016-17,dhps,Ala581Gly,6.557377049
547,Lamwo,2018-19,dhps,Ala581Gly,4.166666667
548,Lamwo,2020,dhps,Ala581Gly,4.918032787
549,Lamwo,2021,dhps,Ala581Gly,3.278688525
550,Lamwo,2022,dhps,Ala581Gly,0
551,Lamwo,2016-17,dhps,Lys540Glu,92.85714286
552,Lamwo,2018-19,dhps,Lys540Glu,95.45454545
553,Lamwo,2020,dhps,Lys540Glu,98.41269841
554,Lamwo,2021,dhps,Lys540Glu,89.47368421
555,Lamwo,2022,dhps,Lys540Glu,91.37931034
556,Lamwo,2016-17,dhps,Ser436Ala,1.923076923
557,Lamwo,2018-19,dhps,Ser436Ala,2.272727273
558,Lamwo,2020,dhps,Ser436Ala,0
559,Lamwo,2021,dhps,Ser436Ala,0
560,Lamwo,2022,dhps,Ser436Ala,0
561,Mubende,2016-17,dhfr-ts,Asn51Ile,100
562,Mubende,2018-19,dhfr-ts,Asn51Ile,100
563,Mubende,2020,dhfr-ts,Asn51Ile,100
564,Mubende,2021,dhfr-ts,Asn51Ile,100
565,Mubende,2022,dhfr-ts,Asn51Ile,100
566,Mubende,2016-17,dhfr-ts,Cys59Arg,95.08196721
567,Mubende,2018-19,dhfr-ts,Cys59Arg,100
568,Mubende,2020,dhfr-ts,Cys59Arg,100
569,Mubende,2021,dhfr-ts,Cys59Arg,100
570,Mubende,2022,dhfr-ts,Cys59Arg,98.93617021
571,Mubende,2016-17,dhfr-ts,Ile164Leu,43.85964912
572,Mubende,2018-19,dhfr-ts,Ile164Leu,36.84210526
573,Mubende,2020,dhfr-ts,Ile164Leu,47.82608696
574,Mubende,2021,dhfr-ts,Ile164Leu,69.23076923
575,Mubende,2022,dhfr-ts,Ile164Leu,53.08641975
576,Mubende,2016-17,dhfr-ts,Ser108Asn,100
577,Mubende,2018-19,dhfr-ts,Ser108Asn,100
578,Mubende,2020,dhfr-ts,Ser108Asn,100
579,Mubende,2021,dhfr-ts,Ser108Asn,100
580,Mubende,2022,dhfr-ts,Ser108Asn,100
581,Mubende,2016-17,dhps,Ala437Gly,100
582,Mubende,2018-19,dhps,Ala437Gly,100
583,Mubende,2020,dhps,Ala437Gly,100
584,Mubende,2021,dhps,Ala437Gly,100
585,Mubende,2022,dhps,Ala437Gly,98.91304348
586,Mubende,2016-17,dhps,Ala581Gly,34.375
587,Mubende,2018-19,dhps,Ala581Gly,29.8245614
588,Mubende,2020,dhps,Ala581Gly,43.75
589,Mubende,2021,dhps,Ala581Gly,38.0952381
590,Mubende,2022,dhps,Ala581Gly,49
591,Mubende,2016-17,dhps,Lys540Glu,100
592,Mubende,2018-19,dhps,Lys540Glu,100
593,Mubende,2020,dhps,Lys540Glu,100
594,Mubende,2021,dhps,Lys540Glu,100
595,Mubende,2022,dhps,Lys540Glu,98.94736842
596,Mubende,2016-17,dhps,Ser436Ala,1.666666667
597,Mubende,2018-19,dhps,Ser436Ala,0
598,Mubende,2020,dhps,Ser436Ala,0
599,Mubende,2021,dhps,Ser436Ala,0
600,Mubende,2022,dhps,Ser436Ala,0
601,Tororo,2016-17,dhfr-ts,Asn51Ile,100
602,Tororo,2018-19,dhfr-ts,Asn51Ile,100
603,Tororo,2020,dhfr-ts,Asn51Ile,100
604,Tororo,2021,dhfr-ts,Asn51Ile,100
605,Tororo,2022,dhfr-ts,Asn51Ile,100
606,Tororo,2016-17,dhfr-ts,Cys59Arg,95.52238806
607,Tororo,2018-19,dhfr-ts,Cys59Arg,98.24561404
608,Tororo,2020,dhfr-ts,Cys59Arg,100
609,Tororo,2021,dhfr-ts,Cys59Arg,97.22222222
610,Tororo,2022,dhfr-ts,Cys59Arg,100
611,Tororo,2016-17,dhfr-ts,Ile164Leu,6.779661017
612,Tororo,2018-19,dhfr-ts,Ile164Leu,10.71428571
613,Tororo,2020,dhfr-ts,Ile164Leu,17.24137931
614,Tororo,2021,dhfr-ts,Ile164Leu,9.375
615,Tororo,2022,dhfr-ts,Ile164Leu,17.0212766
616,Tororo,2016-17,dhfr-ts,Ser108Asn,100
617,Tororo,2018-19,dhfr-ts,Ser108Asn,100
618,Tororo,2020,dhfr-ts,Ser108Asn,100
619,Tororo,2021,dhfr-ts,Ser108Asn,100
620,Tororo,2022,dhfr-ts,Ser108Asn,100
621,Tororo,2016-17,dhps,Ala437Gly,100
622,Tororo,2018-19,dhps,Ala437Gly,100
623,Tororo,2020,dhps,Ala437Gly,100
624,Tororo,2021,dhps,Ala437Gly,100
625,Tororo,2022,dhps,Ala437Gly,100
626,Tororo,2016-17,dhps,Ala581Gly,5.714285714
627,Tororo,2018-19,dhps,Ala581Gly,3.448275862
628,Tororo,2020,dhps,Ala581Gly,3.03030303
629,Tororo,2021,dhps,Ala581Gly,1.298701299
630,Tororo,2022,dhps,Ala581Gly,6.25
631,Tororo,2016-17,dhps,Lys540Glu,100
632,Tororo,2018-19,dhps,Lys540Glu,100
633,Tororo,2020,dhps,Lys540Glu,100
634,Tororo,2021,dhps,Lys540Glu,100
635,Tororo,2022,dhps,Lys540Glu,100
636,Tororo,2016-17,dhps,Ser436Ala,1.408450704
637,Tororo,2018-19,dhps,Ser436Ala,0
638,Tororo,2020,dhps,Ser436Ala,0
639,Tororo,2021,dhps,Ser436Ala,0
640,Tororo,2022,dhps,Ser436Ala,1.960784314
641,Tororo,2016-17,dhps,Ser436His,6.060606061
642,Tororo,2018-19,dhps,Ser436His,0
643,Tororo,2020,dhps,Ser436His,3.225806452
644,Tororo,2021,dhps,Ser436His,1.351351351
645,Tororo,2022,dhps,Ser436His,7.692307692